{
    "loss": 1.456615924835205,
    "accuracy": 0.8711656332015991
}