{
    "loss": 52.841514587402344,
    "accuracy": 0.9937325119972229
}