{
    "loss": 17.786426544189453,
    "accuracy": 0.41325509548187256
}