{
    "loss": 27.848325729370117,
    "accuracy": 0.8846513032913208
}